{"cameraMode":{"drawMode":0,"name":"Shaded","section":"Shading Mode"},"sceneLighting":true,"audioPlay":false,"sceneViewState":{"showFog":false,"showMaterialUpdate":false,"showSkybox":true,"showFlares":false,"showImageEffects":false,"showParticleSystems":false},"in2DMode":false,"pivot":{"x":1.6502013206481934,"y":-7.616158485412598,"z":2.893533229827881},"rotation":{"x":-0.3859312832355499,"y":0.5990747809410095,"z":-0.40225571393966677,"w":-0.5747764706611633},"size":7.8393778800964359,"orthographic":false}