{"cameraMode":{"drawMode":0,"name":"Shaded","section":"Shading Mode"},"sceneLighting":true,"audioPlay":false,"sceneViewState":{"showFog":false,"showMaterialUpdate":false,"showSkybox":true,"showFlares":false,"showImageEffects":false,"showParticleSystems":false},"in2DMode":false,"pivot":{"x":20.079723358154298,"y":2.5763676166534426,"z":-2.5375781059265138},"rotation":{"x":-0.09688399732112885,"y":0.7313307523727417,"z":-0.10627731680870056,"w":-0.6666958332061768},"size":29.16364097595215,"orthographic":false}