{"cameraMode":{"drawMode":0,"name":"Shaded","section":"Shading Mode"},"sceneLighting":true,"audioPlay":false,"sceneViewState":{"showFog":false,"showMaterialUpdate":false,"showSkybox":true,"showFlares":false,"showImageEffects":false,"showParticleSystems":false},"in2DMode":false,"pivot":{"x":1.8660569190979005,"y":-0.6768827438354492,"z":4.9323225021362309},"rotation":{"x":-0.23249055445194245,"y":0.6771513223648071,"z":-0.24015384912490846,"w":-0.6555604338645935},"size":6.477860450744629,"orthographic":false}